INSERT INTO department (department_id, department_name) VALUES
    (10, 'Engineering'),
    (20, 'Human Resources'),
    (30, 'Finance'),
    (40, 'Sales'),
    (50, 'Marketing'),
    (60, 'Operations'),
    (70, 'Customer Support'),
    (80, 'Information Technology'),
    (90, 'Legal'),
    (100, 'Research and Development');

INSERT INTO employee (employee_id, name, age, gender) VALUES
    (1, 'Alex Anderson', 25, 'Male'),
    (2, 'Avery Anderson', 28, 'Female'),
    (3, 'Bailey Anderson', 31, 'Male'),
    (4, 'Blake Anderson', 34, 'Female'),
    (5, 'Cameron Anderson', 37, 'Male'),
    (6, 'Casey Anderson', 40, 'Female'),
    (7, 'Charlie Anderson', 43, 'Male'),
    (8, 'Dakota Anderson', 46, 'Female'),
    (9, 'Drew Anderson', 49, 'Male'),
    (10, 'Elliot Anderson', 52, 'Female'),
    (11, 'Emerson Anderson', 55, 'Male'),
    (12, 'Finley Anderson', 58, 'Female'),
    (13, 'Harper Anderson', 22, 'Male'),
    (14, 'Hayden Anderson', 25, 'Female'),
    (15, 'Jamie Anderson', 28, 'Male'),
    (16, 'Jordan Anderson', 31, 'Female'),
    (17, 'Kai Anderson', 34, 'Male'),
    (18, 'Kennedy Anderson', 37, 'Female'),
    (19, 'Logan Anderson', 40, 'Male'),
    (20, 'Morgan Anderson', 43, 'Female'),
    (21, 'Parker Anderson', 46, 'Male'),
    (22, 'Quinn Anderson', 49, 'Female'),
    (23, 'Reese Anderson', 52, 'Male'),
    (24, 'Riley Anderson', 55, 'Female'),
    (25, 'Rowan Anderson', 58, 'Male'),
    (26, 'Sawyer Anderson', 22, 'Female'),
    (27, 'Skyler Anderson', 25, 'Male'),
    (28, 'Taylor Anderson', 28, 'Female'),
    (29, 'Adrian Anderson', 31, 'Male'),
    (30, 'Ainsley Anderson', 34, 'Female'),
    (31, 'Brooke Anderson', 37, 'Male'),
    (32, 'Carson Anderson', 40, 'Female'),
    (33, 'Delaney Anderson', 43, 'Male'),
    (34, 'Ellis Anderson', 46, 'Female'),
    (35, 'Frankie Anderson', 49, 'Male'),
    (36, 'Greer Anderson', 52, 'Female'),
    (37, 'Hollis Anderson', 55, 'Male'),
    (38, 'Jules Anderson', 58, 'Female'),
    (39, 'Keegan Anderson', 22, 'Male'),
    (40, 'Lane Anderson', 25, 'Female'),
    (41, 'Alex Bennett', 28, 'Male'),
    (42, 'Avery Bennett', 31, 'Female'),
    (43, 'Bailey Bennett', 34, 'Male'),
    (44, 'Blake Bennett', 37, 'Female'),
    (45, 'Cameron Bennett', 40, 'Male'),
    (46, 'Casey Bennett', 43, 'Female'),
    (47, 'Charlie Bennett', 46, 'Male'),
    (48, 'Dakota Bennett', 49, 'Female'),
    (49, 'Drew Bennett', 52, 'Male'),
    (50, 'Elliot Bennett', 55, 'Female'),
    (51, 'Emerson Bennett', 58, 'Male'),
    (52, 'Finley Bennett', 22, 'Female'),
    (53, 'Harper Bennett', 25, 'Male'),
    (54, 'Hayden Bennett', 28, 'Female'),
    (55, 'Jamie Bennett', 31, 'Male'),
    (56, 'Jordan Bennett', 34, 'Female'),
    (57, 'Kai Bennett', 37, 'Male'),
    (58, 'Kennedy Bennett', 40, 'Female'),
    (59, 'Logan Bennett', 43, 'Male'),
    (60, 'Morgan Bennett', 46, 'Female'),
    (61, 'Parker Bennett', 49, 'Male'),
    (62, 'Quinn Bennett', 52, 'Female'),
    (63, 'Reese Bennett', 55, 'Male'),
    (64, 'Riley Bennett', 58, 'Female'),
    (65, 'Rowan Bennett', 22, 'Male'),
    (66, 'Sawyer Bennett', 25, 'Female'),
    (67, 'Skyler Bennett', 28, 'Male'),
    (68, 'Taylor Bennett', 31, 'Female'),
    (69, 'Adrian Bennett', 34, 'Male'),
    (70, 'Ainsley Bennett', 37, 'Female'),
    (71, 'Brooke Bennett', 40, 'Male'),
    (72, 'Carson Bennett', 43, 'Female'),
    (73, 'Delaney Bennett', 46, 'Male'),
    (74, 'Ellis Bennett', 49, 'Female'),
    (75, 'Frankie Bennett', 52, 'Male'),
    (76, 'Greer Bennett', 55, 'Female'),
    (77, 'Hollis Bennett', 58, 'Male'),
    (78, 'Jules Bennett', 22, 'Female'),
    (79, 'Keegan Bennett', 25, 'Male'),
    (80, 'Lane Bennett', 28, 'Female'),
    (81, 'Alex Brooks', 31, 'Male'),
    (82, 'Avery Brooks', 34, 'Female'),
    (83, 'Bailey Brooks', 37, 'Male'),
    (84, 'Blake Brooks', 40, 'Female'),
    (85, 'Cameron Brooks', 43, 'Male'),
    (86, 'Casey Brooks', 46, 'Female'),
    (87, 'Charlie Brooks', 49, 'Male'),
    (88, 'Dakota Brooks', 52, 'Female'),
    (89, 'Drew Brooks', 55, 'Male'),
    (90, 'Elliot Brooks', 58, 'Female'),
    (91, 'Emerson Brooks', 22, 'Male'),
    (92, 'Finley Brooks', 25, 'Female'),
    (93, 'Harper Brooks', 28, 'Male'),
    (94, 'Hayden Brooks', 31, 'Female'),
    (95, 'Jamie Brooks', 34, 'Male'),
    (96, 'Jordan Brooks', 37, 'Female'),
    (97, 'Kai Brooks', 40, 'Male'),
    (98, 'Kennedy Brooks', 43, 'Female'),
    (99, 'Logan Brooks', 46, 'Male'),
    (100, 'Morgan Brooks', 49, 'Female'),
    (101, 'Parker Brooks', 52, 'Male'),
    (102, 'Quinn Brooks', 55, 'Female'),
    (103, 'Reese Brooks', 58, 'Male'),
    (104, 'Riley Brooks', 22, 'Female'),
    (105, 'Rowan Brooks', 25, 'Male'),
    (106, 'Sawyer Brooks', 28, 'Female'),
    (107, 'Skyler Brooks', 31, 'Male'),
    (108, 'Taylor Brooks', 34, 'Female'),
    (109, 'Adrian Brooks', 37, 'Male'),
    (110, 'Ainsley Brooks', 40, 'Female'),
    (111, 'Brooke Brooks', 43, 'Male'),
    (112, 'Carson Brooks', 46, 'Female'),
    (113, 'Delaney Brooks', 49, 'Male'),
    (114, 'Ellis Brooks', 52, 'Female'),
    (115, 'Frankie Brooks', 55, 'Male'),
    (116, 'Greer Brooks', 58, 'Female'),
    (117, 'Hollis Brooks', 22, 'Male'),
    (118, 'Jules Brooks', 25, 'Female'),
    (119, 'Keegan Brooks', 28, 'Male'),
    (120, 'Lane Brooks', 31, 'Female'),
    (121, 'Alex Campbell', 34, 'Male'),
    (122, 'Avery Campbell', 37, 'Female'),
    (123, 'Bailey Campbell', 40, 'Male'),
    (124, 'Blake Campbell', 43, 'Female'),
    (125, 'Cameron Campbell', 46, 'Male'),
    (126, 'Casey Campbell', 49, 'Female'),
    (127, 'Charlie Campbell', 52, 'Male'),
    (128, 'Dakota Campbell', 55, 'Female'),
    (129, 'Drew Campbell', 58, 'Male'),
    (130, 'Elliot Campbell', 22, 'Female'),
    (131, 'Emerson Campbell', 25, 'Male'),
    (132, 'Finley Campbell', 28, 'Female'),
    (133, 'Harper Campbell', 31, 'Male'),
    (134, 'Hayden Campbell', 34, 'Female'),
    (135, 'Jamie Campbell', 37, 'Male'),
    (136, 'Jordan Campbell', 40, 'Female'),
    (137, 'Kai Campbell', 43, 'Male'),
    (138, 'Kennedy Campbell', 46, 'Female'),
    (139, 'Logan Campbell', 49, 'Male'),
    (140, 'Morgan Campbell', 52, 'Female'),
    (141, 'Parker Campbell', 55, 'Male'),
    (142, 'Quinn Campbell', 58, 'Female'),
    (143, 'Reese Campbell', 22, 'Male'),
    (144, 'Riley Campbell', 25, 'Female'),
    (145, 'Rowan Campbell', 28, 'Male'),
    (146, 'Sawyer Campbell', 31, 'Female'),
    (147, 'Skyler Campbell', 34, 'Male'),
    (148, 'Taylor Campbell', 37, 'Female'),
    (149, 'Adrian Campbell', 40, 'Male'),
    (150, 'Ainsley Campbell', 43, 'Female'),
    (151, 'Brooke Campbell', 46, 'Male'),
    (152, 'Carson Campbell', 49, 'Female'),
    (153, 'Delaney Campbell', 52, 'Male'),
    (154, 'Ellis Campbell', 55, 'Female'),
    (155, 'Frankie Campbell', 58, 'Male'),
    (156, 'Greer Campbell', 22, 'Female'),
    (157, 'Hollis Campbell', 25, 'Male'),
    (158, 'Jules Campbell', 28, 'Female'),
    (159, 'Keegan Campbell', 31, 'Male'),
    (160, 'Lane Campbell', 34, 'Female'),
    (161, 'Alex Carter', 37, 'Male'),
    (162, 'Avery Carter', 40, 'Female'),
    (163, 'Bailey Carter', 43, 'Male'),
    (164, 'Blake Carter', 46, 'Female'),
    (165, 'Cameron Carter', 49, 'Male'),
    (166, 'Casey Carter', 52, 'Female'),
    (167, 'Charlie Carter', 55, 'Male'),
    (168, 'Dakota Carter', 58, 'Female'),
    (169, 'Drew Carter', 22, 'Male'),
    (170, 'Elliot Carter', 25, 'Female'),
    (171, 'Emerson Carter', 28, 'Male'),
    (172, 'Finley Carter', 31, 'Female'),
    (173, 'Harper Carter', 34, 'Male'),
    (174, 'Hayden Carter', 37, 'Female'),
    (175, 'Jamie Carter', 40, 'Male'),
    (176, 'Jordan Carter', 43, 'Female'),
    (177, 'Kai Carter', 46, 'Male'),
    (178, 'Kennedy Carter', 49, 'Female'),
    (179, 'Logan Carter', 52, 'Male'),
    (180, 'Morgan Carter', 55, 'Female'),
    (181, 'Parker Carter', 58, 'Male'),
    (182, 'Quinn Carter', 22, 'Female'),
    (183, 'Reese Carter', 25, 'Male'),
    (184, 'Riley Carter', 28, 'Female'),
    (185, 'Rowan Carter', 31, 'Male'),
    (186, 'Sawyer Carter', 34, 'Female'),
    (187, 'Skyler Carter', 37, 'Male'),
    (188, 'Taylor Carter', 40, 'Female'),
    (189, 'Adrian Carter', 43, 'Male'),
    (190, 'Ainsley Carter', 46, 'Female'),
    (191, 'Brooke Carter', 49, 'Male'),
    (192, 'Carson Carter', 52, 'Female'),
    (193, 'Delaney Carter', 55, 'Male'),
    (194, 'Ellis Carter', 58, 'Female'),
    (195, 'Frankie Carter', 22, 'Male'),
    (196, 'Greer Carter', 25, 'Female'),
    (197, 'Hollis Carter', 28, 'Male'),
    (198, 'Jules Carter', 31, 'Female'),
    (199, 'Keegan Carter', 34, 'Male'),
    (200, 'Lane Carter', 37, 'Female'),
    (201, 'Alex Collins', 40, 'Male'),
    (202, 'Avery Collins', 43, 'Female'),
    (203, 'Bailey Collins', 46, 'Male'),
    (204, 'Blake Collins', 49, 'Female'),
    (205, 'Cameron Collins', 52, 'Male'),
    (206, 'Casey Collins', 55, 'Female'),
    (207, 'Charlie Collins', 58, 'Male'),
    (208, 'Dakota Collins', 22, 'Female'),
    (209, 'Drew Collins', 25, 'Male'),
    (210, 'Elliot Collins', 28, 'Female'),
    (211, 'Emerson Collins', 31, 'Male'),
    (212, 'Finley Collins', 34, 'Female'),
    (213, 'Harper Collins', 37, 'Male'),
    (214, 'Hayden Collins', 40, 'Female'),
    (215, 'Jamie Collins', 43, 'Male'),
    (216, 'Jordan Collins', 46, 'Female'),
    (217, 'Kai Collins', 49, 'Male'),
    (218, 'Kennedy Collins', 52, 'Female'),
    (219, 'Logan Collins', 55, 'Male'),
    (220, 'Morgan Collins', 58, 'Female'),
    (221, 'Parker Collins', 22, 'Male'),
    (222, 'Quinn Collins', 25, 'Female'),
    (223, 'Reese Collins', 28, 'Male'),
    (224, 'Riley Collins', 31, 'Female'),
    (225, 'Rowan Collins', 34, 'Male'),
    (226, 'Sawyer Collins', 37, 'Female'),
    (227, 'Skyler Collins', 40, 'Male'),
    (228, 'Taylor Collins', 43, 'Female'),
    (229, 'Adrian Collins', 46, 'Male'),
    (230, 'Ainsley Collins', 49, 'Female'),
    (231, 'Brooke Collins', 52, 'Male'),
    (232, 'Carson Collins', 55, 'Female'),
    (233, 'Delaney Collins', 58, 'Male'),
    (234, 'Ellis Collins', 22, 'Female'),
    (235, 'Frankie Collins', 25, 'Male'),
    (236, 'Greer Collins', 28, 'Female'),
    (237, 'Hollis Collins', 31, 'Male'),
    (238, 'Jules Collins', 34, 'Female'),
    (239, 'Keegan Collins', 37, 'Male'),
    (240, 'Lane Collins', 40, 'Female'),
    (241, 'Alex Cooper', 43, 'Male'),
    (242, 'Avery Cooper', 46, 'Female'),
    (243, 'Bailey Cooper', 49, 'Male'),
    (244, 'Blake Cooper', 52, 'Female'),
    (245, 'Cameron Cooper', 55, 'Male'),
    (246, 'Casey Cooper', 58, 'Female'),
    (247, 'Charlie Cooper', 22, 'Male'),
    (248, 'Dakota Cooper', 25, 'Female'),
    (249, 'Drew Cooper', 28, 'Male'),
    (250, 'Elliot Cooper', 31, 'Female'),
    (251, 'Emerson Cooper', 34, 'Male'),
    (252, 'Finley Cooper', 37, 'Female'),
    (253, 'Harper Cooper', 40, 'Male'),
    (254, 'Hayden Cooper', 43, 'Female'),
    (255, 'Jamie Cooper', 46, 'Male'),
    (256, 'Jordan Cooper', 49, 'Female'),
    (257, 'Kai Cooper', 52, 'Male'),
    (258, 'Kennedy Cooper', 55, 'Female'),
    (259, 'Logan Cooper', 58, 'Male'),
    (260, 'Morgan Cooper', 22, 'Female'),
    (261, 'Parker Cooper', 25, 'Male'),
    (262, 'Quinn Cooper', 28, 'Female'),
    (263, 'Reese Cooper', 31, 'Male'),
    (264, 'Riley Cooper', 34, 'Female'),
    (265, 'Rowan Cooper', 37, 'Male'),
    (266, 'Sawyer Cooper', 40, 'Female'),
    (267, 'Skyler Cooper', 43, 'Male'),
    (268, 'Taylor Cooper', 46, 'Female'),
    (269, 'Adrian Cooper', 49, 'Male'),
    (270, 'Ainsley Cooper', 52, 'Female'),
    (271, 'Brooke Cooper', 55, 'Male'),
    (272, 'Carson Cooper', 58, 'Female'),
    (273, 'Delaney Cooper', 22, 'Male'),
    (274, 'Ellis Cooper', 25, 'Female'),
    (275, 'Frankie Cooper', 28, 'Male'),
    (276, 'Greer Cooper', 31, 'Female'),
    (277, 'Hollis Cooper', 34, 'Male'),
    (278, 'Jules Cooper', 37, 'Female'),
    (279, 'Keegan Cooper', 40, 'Male'),
    (280, 'Lane Cooper', 43, 'Female'),
    (281, 'Alex Diaz', 46, 'Male'),
    (282, 'Avery Diaz', 49, 'Female'),
    (283, 'Bailey Diaz', 52, 'Male'),
    (284, 'Blake Diaz', 55, 'Female'),
    (285, 'Cameron Diaz', 58, 'Male'),
    (286, 'Casey Diaz', 22, 'Female'),
    (287, 'Charlie Diaz', 25, 'Male'),
    (288, 'Dakota Diaz', 28, 'Female'),
    (289, 'Drew Diaz', 31, 'Male'),
    (290, 'Elliot Diaz', 34, 'Female'),
    (291, 'Emerson Diaz', 37, 'Male'),
    (292, 'Finley Diaz', 40, 'Female'),
    (293, 'Harper Diaz', 43, 'Male'),
    (294, 'Hayden Diaz', 46, 'Female'),
    (295, 'Jamie Diaz', 49, 'Male'),
    (296, 'Jordan Diaz', 52, 'Female'),
    (297, 'Kai Diaz', 55, 'Male'),
    (298, 'Kennedy Diaz', 58, 'Female'),
    (299, 'Logan Diaz', 22, 'Male'),
    (300, 'Morgan Diaz', 25, 'Female');

INSERT INTO employee_department (employee_id, department_id) VALUES
    (1, 10),
    (2, 10),
    (3, 10),
    (4, 10),
    (5, 10),
    (6, 10),
    (7, 10),
    (8, 10),
    (9, 10),
    (10, 10),
    (11, 10),
    (12, 10),
    (13, 10),
    (14, 10),
    (15, 10),
    (16, 10),
    (17, 10),
    (18, 10),
    (19, 10),
    (20, 10),
    (21, 10),
    (22, 10),
    (23, 10),
    (24, 10),
    (25, 10),
    (26, 10),
    (27, 10),
    (28, 10),
    (29, 10),
    (30, 10),
    (31, 20),
    (32, 20),
    (33, 20),
    (34, 20),
    (35, 20),
    (36, 20),
    (37, 20),
    (38, 20),
    (39, 20),
    (40, 20),
    (41, 20),
    (42, 20),
    (43, 20),
    (44, 20),
    (45, 20),
    (46, 20),
    (47, 20),
    (48, 20),
    (49, 20),
    (50, 20),
    (51, 20),
    (52, 20),
    (53, 20),
    (54, 20),
    (55, 20),
    (56, 20),
    (57, 20),
    (58, 20),
    (59, 20),
    (60, 20),
    (61, 30),
    (62, 30),
    (63, 30),
    (64, 30),
    (65, 30),
    (66, 30),
    (67, 30),
    (68, 30),
    (69, 30),
    (70, 30),
    (71, 30),
    (72, 30),
    (73, 30),
    (74, 30),
    (75, 30),
    (76, 30),
    (77, 30),
    (78, 30),
    (79, 30),
    (80, 30),
    (81, 30),
    (82, 30),
    (83, 30),
    (84, 30),
    (85, 30),
    (86, 30),
    (87, 30),
    (88, 30),
    (89, 30),
    (90, 30),
    (91, 40),
    (92, 40),
    (93, 40),
    (94, 40),
    (95, 40),
    (96, 40),
    (97, 40),
    (98, 40),
    (99, 40),
    (100, 40),
    (101, 40),
    (102, 40),
    (103, 40),
    (104, 40),
    (105, 40),
    (106, 40),
    (107, 40),
    (108, 40),
    (109, 40),
    (110, 40),
    (111, 40),
    (112, 40),
    (113, 40),
    (114, 40),
    (115, 40),
    (116, 40),
    (117, 40),
    (118, 40),
    (119, 40),
    (120, 40),
    (121, 50),
    (122, 50),
    (123, 50),
    (124, 50),
    (125, 50),
    (126, 50),
    (127, 50),
    (128, 50),
    (129, 50),
    (130, 50),
    (131, 50),
    (132, 50),
    (133, 50),
    (134, 50),
    (135, 50),
    (136, 50),
    (137, 50),
    (138, 50),
    (139, 50),
    (140, 50),
    (141, 50),
    (142, 50),
    (143, 50),
    (144, 50),
    (145, 50),
    (146, 50),
    (147, 50),
    (148, 50),
    (149, 50),
    (150, 50),
    (151, 60),
    (152, 60),
    (153, 60),
    (154, 60),
    (155, 60),
    (156, 60),
    (157, 60),
    (158, 60),
    (159, 60),
    (160, 60),
    (161, 60),
    (162, 60),
    (163, 60),
    (164, 60),
    (165, 60),
    (166, 60),
    (167, 60),
    (168, 60),
    (169, 60),
    (170, 60),
    (171, 60),
    (172, 60),
    (173, 60),
    (174, 60),
    (175, 60),
    (176, 60),
    (177, 60),
    (178, 60),
    (179, 60),
    (180, 60),
    (181, 70),
    (182, 70),
    (183, 70),
    (184, 70),
    (185, 70),
    (186, 70),
    (187, 70),
    (188, 70),
    (189, 70),
    (190, 70),
    (191, 70),
    (192, 70),
    (193, 70),
    (194, 70),
    (195, 70),
    (196, 70),
    (197, 70),
    (198, 70),
    (199, 70),
    (200, 70),
    (201, 70),
    (202, 70),
    (203, 70),
    (204, 70),
    (205, 70),
    (206, 70),
    (207, 70),
    (208, 70),
    (209, 70),
    (210, 70),
    (211, 80),
    (212, 80),
    (213, 80),
    (214, 80),
    (215, 80),
    (216, 80),
    (217, 80),
    (218, 80),
    (219, 80),
    (220, 80),
    (221, 80),
    (222, 80),
    (223, 80),
    (224, 80),
    (225, 80),
    (226, 80),
    (227, 80),
    (228, 80),
    (229, 80),
    (230, 80),
    (231, 80),
    (232, 80),
    (233, 80),
    (234, 80),
    (235, 80),
    (236, 80),
    (237, 80),
    (238, 80),
    (239, 80),
    (240, 80),
    (241, 90),
    (242, 90),
    (243, 90),
    (244, 90),
    (245, 90),
    (246, 90),
    (247, 90),
    (248, 90),
    (249, 90),
    (250, 90),
    (251, 90),
    (252, 90),
    (253, 90),
    (254, 90),
    (255, 90),
    (256, 90),
    (257, 90),
    (258, 90),
    (259, 90),
    (260, 90),
    (261, 90),
    (262, 90),
    (263, 90),
    (264, 90),
    (265, 90),
    (266, 90),
    (267, 90),
    (268, 90),
    (269, 90),
    (270, 90),
    (271, 100),
    (272, 100),
    (273, 100),
    (274, 100),
    (275, 100),
    (276, 100),
    (277, 100),
    (278, 100),
    (279, 100),
    (280, 100),
    (281, 100),
    (282, 100),
    (283, 100),
    (284, 100),
    (285, 100),
    (286, 100),
    (287, 100),
    (288, 100),
    (289, 100),
    (290, 100),
    (291, 100),
    (292, 100),
    (293, 100),
    (294, 100),
    (295, 100),
    (296, 100),
    (297, 100),
    (298, 100),
    (299, 100),
    (300, 100);
